{
    "banker_signin": {
        "password": {
            "common": {
                "parent": "eyeIcon",
                "labelClass": "sr-only"
            }
        },
        "text": {
            "common": {
                "labelClass": "sr-only"
            }
        }
    },
    "manage_leads_filter": {
        "text": {
            "common": {
                "parent": "col pr-lg-0"
            },
            "value": {
                "parent": "col"
            },
            "email_address_value": {
                "parent": "col"
            },
            "phone_value": {
                "parent": "col"
            }
        },
        "select": {
            "common": {
                "parent": "col pr-lg-0",
                "labelClass": "d-inline"
            }
        }
    },
    "reset-password": {
        "password": {
            "common": {
                "parent": "eyeIconReset"
            }
        }
    },
    "change-password": {
        "password":{
           "common": {
            "labelClass": "sr-only",
            "parent":"eyeIcon col-12 col-lg-6 col-xl-6 mr-1"
           }
        }   
    },
    "banker_create_application": {
        "text": {
            "common": {
                "parent": "col-12 col-lg-6 col-xl-6"
            }
        }
    },
    "manage_loans_filter": {
        "text": {
            "common": {
                "parent": "col pr-lg-0"
            },
            "value": {
                "parent": "col"
            },
            "loan_id_value": {
                "parent": "col"
            },
            "business_name_value": {
                "parent": "col"
            }
        },
        "select": {
            "common": {
                "parent": "col pr-lg-0",
                "labelClass": "d-inline"
            }
        }
    },
    "backend-dashboard-filter-form": {
        "date": {
            "common": {
                "labelClass": "p-label",
                "field": "form-control",
                "parent": "col-12 col-md-6 col-lg-6 col-xl-6"
            }
        }
    },
    "update_lead_status": {
        "radio": {
            "common": {
                "inputParent": "col-12 mb-2",
                "spanClass": "fs16 rlt",
                "parent": "col-12",
                "wrapper":"row radioWrap"
            }
        }
    },
    "add_notes": {
        "textarea": {
            "common": {
                "parent": "mb-0 col-12 col-lg-12"
            }
        }
    },
    "additional_information": {
        "group": {
            "common": {
                "parent": "inlineGrp pb-2 mb-0 w-100",
                "wrapper": "w-100 pl-4 pr-4"
            }
        },
        "textarea": {
            "common": {
                "labelClass": "p-label",
                "field":"form-control",
                "parent": "col-12 col-lg-6 col-xl-6"
            }
        },
        "text": {
            "common": {
                "parent": "col-12 col-lg-3"
            },
            "cost_center" :{
                "parent" : "col-12 col-lg-6 col-xl-6"
            } 
        },
        "amount" : {
            "common": {
                "parent": "col-12 col-lg-3 col-xl-3"
            }
        },
        "label" : {
            "common" : {
                "parent": "col-12 col-lg-12 col-xl-12",
                "labelClass" : "fs20 fwsb"
            }
        },
        "select" : {
            "common" : {
                "parent" : "col-12 col-lg-3",
                "default_label" : "fwsb"
            }
        }
    },
    "schedule_cash": {
        "radio": {
            "common": {
                "parent": "col-2 col-lg-2 col-xl-2 border-right-pfs"
            }
        },
        "text": {
            "common": {
                "parent": "col-4 border-right-pfs",
                "field": "form-control"
            }
        },
        "amount": {
            "common": {
                "labelClass": "hideLabel",
                "parent": "col-2 border-right-pfs"
            }
        },
        "group": {
            "common": {
                "wrapper": "deletePfs col-12 pfs-row-height" ,
                "parent":"col-12 p-0 w-100",
                "deleteBtn":"deleteIcon float-lg-none mt-2 ml-0",
                "addButton":"btn btn-primary btn-md mt-3",
                "totalWrapper": "positionset row pr-0 pfs-row-grey",
                "totalLabelClass_0":"col-8  border-right-pfs-t fs14",
                "totalFieldClass_0":"cashTotal1",
                "totalFieldColClass_0":"col-6 text-right",
                "totalLabelClass_1":"col-6 border-right-pfs-t fs14",
                "totalFieldClass_1":"cashTotal2",
                "totalFieldwrapClass_0":"col-4 border-right-pfs-t",
                "totalFieldwrapClass_1":"col-6 border-right-pfs-t",
                "totalFieldColClass_1":"col-4 text-right",
                "field": "row"
            }
        }
    },
    "restricted_cash": {
        "text": {
            "common": {
                "parent": "col-7 border-right-pfs",
                "field": "form-control"
            }
        },
        "amount": {
            "common": {
                "labelClass": "hideLabel",
                "parent": "col-4 border-right-pfs"
            }
        },
        "group": {
            "common": {
                "wrapper": "deletePfs col-12 pfs-row-height",
                "parent":"col-12 p-0 w-100",
                "deleteBtn":"deleteIcon float-lg-none mt-2 ml-0",
                "addButton":"btn btn-primary btn-md mt-3",
                "totalWrapper": "positionset row pr-0 pfs-row-grey",
                "totalLabelClass_0":"col-7 border-right-pfs-t fs14",
                "totalFieldClass_0":"cashTotal1",
                "totalFieldColClass_0":"col-12 text-right",
                "totalFieldwrapClass_0":"col-4 border-right-pfs-t",
                "field": "row"
            }
        }
    },
    "marketable_securities": {
        "radio": {
            "common": {
                "parent": "col-2 col-lg-2 col-xl-2 border-right-pfs"
            }
        },
        "text": {
            "common": {
                "parent": "col-2 border-right-pfs",
                "field": "form-control"
            }
        },
        "number": {
            "common": {
                "parent": "col-2 border-right-pfs in12nopadd",
                "field": "form-control",
                "inputColClass": "",
                "labelClass": "hideLabel"
            }
        },
        "amount": {
            "value_pledged": {
                "labelClass": "hideLabel",
                "parent": "col-2  border-right-pfs"
            },
            "market_value":{
                "labelClass": "hideLabel",
                "parent": "col-2 border-right-pfs"
            }
        },
        "group": {
            "common": {
                "wrapper": "deletePfs col-12 pfs-row-height",
                "parent":"col-12 p-0 w-100",
                "deleteBtn":"deleteIcon float-lg-none mt-2 ml-0",
                "addButton":"btn btn-primary btn-md mt-3",
                "totalWrapper": "positionset row pfs-row-grey",
                "totalLabelClass_0":"col-8  border-right-pfs-t fs14",
                "totalFieldClass_0":"cashTotal1",
                "totalFieldColClass_0":"col-6 text-right",
                "totalFieldwrapClass_0":"col-4 border-right-pfs-t",
                "totalLabelClass_1":"col-4 border-right-pfs-t fs14",
                "totalFieldClass_1":"cashTotal2",                
                "totalFieldwrapClass_1":"col-4 border-right-pfs-t",
                "totalFieldColClass_1":"col-6 text-right",
                "field": "row"
            }
        }
    },
    "non_marketable_securities": {
        "text": {
            "common": {
                "parent": "col-3 border-right-pfs",
                "field": "form-control"
            }
        },
        "date": {
            "common": {
                "parent": "col-2 PfsDate border-right-pfs",
                "field": "form-control"            
            }
        },
        "amount": {
            "common": {
                "labelClass": "hideLabel",
                "parent": "col-2 border-right-pfs"
            }
        },
        "group": {
            "common": {
                "wrapper": "deletePfs col-12 pfs-row-height",
                "parent":"col-12 p-0 w-100",
                "deleteBtn":"deleteIcon float-lg-none mt-2 ml-0",
                "field": "row",
                "addButton":"btn btn-primary btn-md mt-3",
                "totalWrapper": "positionset row pr-0 pfs-row-grey",
                "totalLabelClass_0":"col-9 border-right-pfs-t fs14",
                "totalFieldClass_0":"cashTotal1",
                "totalFieldColClass_0":"col-12 text-right",
                "totalFieldwrapClass_0":"col-2 border-right-pfs-t"
            }
        }
    },
    "pfs_assets_and_liabilities": {
        "group": {
            "common": {
                "parent": "inlineGrp pb-0 mb-0 w-100",
                "heading": "fs18 fwb ml-3 mb-3",
                "wrapper": "w-100 pl-3"
            },
            "pfs_assets_total": {
                "wrapper": "loanBlockRow gbg pl-2 pr-2 sbaf7",
                "parent": "col-12"
            },
            "pfs_liabilities_total": {
                "wrapper": "loanBlockRow gbg pl-2 pr-2 sbaf7",
                "parent": "col-12"
            }
        },
        "amount": {
            "other_personal_assets": {
                "labelClass": "p-label",
                "field": "form-control col-lg-6 col-xl-6",
                "parent": "col-12 pr-lg-8"
            },
            "loans_against_life_insurance": {
                "labelClass": "p-label",
                "field": "form-control col-lg-6 col-xl-6",
                "parent": "col-12 pr-lg-8"
            },
            "total_assets": {
                "parent": " p-4 col-12 col-lg-6 col-xl-6"
            },
            "total_liabilities": {
                "parent": " p-4 mb-0 col-12 col-lg-6 col-xl-6",
                "labelClass" :"p-label twoline"
            },
            "total_liabilities_and_net_worth": {
                "parent": " p-4 col-12 col-lg-6 col-xl-6"
            },
            "restricted_cash": {
                "parent": " p-4 col-12 col-lg-6 col-xl-6"
            },
            "contingent_liabilities": {
                "parent": " p-4 col-12 col-lg-6 col-xl-6",
                "labelClass" :"p-label twoline"
            },
            "common": {
                "labelClass": "p-label",
                "parent": "col-12 col-lg-6 col-xl-6"
            }
        },
        "text": {
            "net_worth": {
                "parent": "p-4 mb-0 col-12 col-lg-6 col-xl-6"
            }
        }
    },
    "contingent_liabilities": {
        "text": {
            "common": {
                "parent": "col-7 border-right-pfs",
                "field": "form-control"
            }
        },
        "amount": {
            "common": {
                "labelClass": "hideLabel",
                "parent": "col-4 border-right-pfs"
            }
        },
        "group": {
            "common": {
                "wrapper": "deletePfs col-12 pfs-row-height",
                "parent":"col-12 p-0 w-100",
                "deleteBtn":"deleteIcon float-lg-none mt-2 ml-0",
                "addButton":"btn btn-primary btn-md mt-3",
                "totalWrapper": "positionset row pr-0 pfs-row-grey",
                "totalLabelClass_0":"col-7 border-right-pfs-t fs14",
                "totalFieldClass_0":"cashTotal1",
                "totalFieldColClass_0":"col-12 text-right",
                "totalFieldwrapClass_0":"col-4 border-right-pfs-t",
                "field": "row"
            }
        }
    },
    "account_taxes_payable": {
        "text": {
            "common": {
                "parent": "col-2 border-right-pfs"
            }
        },
        "date": {
            "common": {
                "parent": "col-3 PfsDate border-right-pfs"
            }
        },
        "amount": {
            "common": {
                "labelClass": "hideLabel",
                "parent": "col-2 border-right-pfs"
            }
        },
        "group": {
            "common": {
                "wrapper": "deletePfs col-12 pfs-row-height",
                "parent":"col-12 p-0 w-100",
                "deleteBtn":"deleteIcon float-lg-none mt-2 ml-0",
                "field": "row",
                "addButton":"btn btn-primary btn-md mt-3",
                "totalWrapper": "positionset row pr-0 pfs-row-grey",
                "totalLabelClass_0":"col-7  border-right-pfs-t fs14",
                "totalFieldClass_0":"cashTotal1",
                "totalFieldColClass_0":"col-12 text-right",
                "totalFieldwrapClass_0":"col-2 border-right-pfs-t"
            }
        }
    },
    "account_taxes_receivable": {
        "text": {
            "common": {
                "parent": "col-2 border-right-pfs"
            }
        },
        "date": {
            "common": {
                "parent": "col-3 PfsDate border-right-pfs"
            }
        },
        "amount": {
            "common": {
                "labelClass": "hideLabel",
                "parent": "col-2 border-right-pfs"
            }
        },
        "group": {
            "common": {
                "wrapper": "deletePfs col-12 pfs-row-height",
                "parent":"col-12 p-0 w-100",
                "deleteBtn":"deleteIcon float-lg-none mt-2 ml-0",
                "field": "row",
                "addButton":"btn btn-primary btn-md mt-3",
                "totalWrapper": "positionset row pr-0 pfs-row-grey",
                "totalLabelClass_0":"col-7  border-right-pfs-t fs14",
                "totalFieldClass_0":"cashTotal1",
                "totalFieldColClass_0":"col-12 text-right",
                "totalFieldwrapClass_0":"col-2 border-right-pfs-t"
            }
        }
    },
    "real_estate_details": {
        "text": {
            "common": {
                "parent": "col-1 border-right-pfs"
            }
        },
        "radio": {
            "common": {
                "parent": "col-1 col-lg-1 col-xl-1 border-right-pfs"
            }
        },
        "date": {
            "common": {
                "parent": "col-1 PfsDate border-right-pfs"
            }
        },
        "select": {
            "common": {
                "labelClass": "hideLabel",
                "parent": "col-1 border-right-pfs"
            },
            "property_type":{
                "labelClass": "hideLabel",
                "parent": "col-2 border-right-pfs"
            }        
        },
        "amount": {
            "common": {
                "labelClass": "hideLabel",
                "parent": "col-1 border-right-pfs"
            },
            "laon_amount": {
                "labelClass": "hideLabel",
                "parent": "col-1 border-right-pfs"
                }
        },
        "group": {
            "common": {
                "wrapper": "deletePfs col-12 pfs-row-height" ,
                "parent":"col-12 p-0 w-100",
                "deleteBtn":"deleteIcon float-lg-none mt-2 ml-0",
                "addButton":"btn btn-primary btn-md mt-3",
                "totalWrapper": "positionset row pr-0 pfs-row-grey",
                "totalLabelClass_0":"repriu1  border-right-pfs-t fs14",
                "totalFieldClass_0":"cashTotal1",
                "totalFieldColClass_0":"col-5 text-right",
                "totalFieldwrapClass_0":"repriu2 border-right-pfs-t",
                "totalLabelClass_1":"repriu3 border-right-pfs-t fs14",
                "totalFieldClass_1":"cashTotal2",                
                "totalFieldwrapClass_1":"repriu4 border-right-pfs-t",
                "totalFieldColClass_1":"col-3 text-right",
                "field": "row"

            }
        }
    },
    "update_loan_status": {
        "radio": {
            "common": {
                "inputParent": "col-12 mb-2",
                "spanClass": "fs16 rlt",
                "parent": "col-12",
                "wrapper":"row radioWrap"
            }
        }
    },
    "add_loan_notes": {
        "textarea": {
            "common": {
                "parent": "mb-0 col-12 col-lg-12"
            }
        }
    },
    "update_product": {
        "select": {
            "common": {
                "parent": "col-6 col-lg-6",
                "wrapper": ""
            }
        }
    },
    "select_irs_type":{
        "radio": {
            "common": {
                "inputParent": "pb-2"
            }
        }
    },
    "business_financial": {
        "amount": {
            "common": {
                "labelClass": "p-label col-7",
                "field": "form-control",
                "parent": "col-12",
                "inputAWrapClass": "col-5 col-lg-5"
            },
            "cost_goods_sold_amt": {
                "labelClass": "p-label col-7",
                "field": "form-control",
                "parent": "col-9 twoColInput",
                "inputAWrapClass": "col-5 col-lg-5 offsetLeft"
            },
            "gross_profit_amt": {
                "labelClass": "p-label col-7 fwb",
                "field": "form-control",
                "parent": "col-9 twoColInput",
                "inputAWrapClass": "col-5 col-lg-5 offsetLeft"
            },
            "salaries_benefits_amt": {
                "labelClass": "p-label col-7",
                "field": "form-control",
                "parent": "col-9 twoColInput",
                "inputAWrapClass": "col-5 col-lg-5 offsetLeft"
            },
            "professional_services_amt": {
                "labelClass": "p-label col-7",
                "field": "form-control",
                "parent": "col-9 twoColInput",
                "inputAWrapClass": "col-5 col-lg-5 offsetLeft"
            },
            "legal_services_amt": {
                "labelClass": "p-label col-7",
                "field": "form-control",
                "parent": "col-9 twoColInput",
                "inputAWrapClass": "col-5 col-lg-5 offsetLeft"
            },
            "compensation_to_officers_amt":{
                "labelClass": "p-label col-7",
                "field": "form-control",
                "parent": "col-9 twoColInput",
                "inputAWrapClass": "col-5 col-lg-5 offsetLeft"
            },
            "rent_expense_amt": {
                "labelClass": "p-label col-7",
                "field": "form-control",
                "parent": "col-9 twoColInput",
                "inputAWrapClass": "col-5 col-lg-5 offsetLeft"
            },
            "insurance_amt": {
                "labelClass": "p-label col-7",
                "field": "form-control",
                "parent": "col-9 twoColInput",
                "inputAWrapClass": "col-5 col-lg-5 offsetLeft"
            },
            "taxes_and_licenses_amt": {
                "labelClass": "p-label col-7",
                "field": "form-control",
                "parent": "col-9 twoColInput",
                "inputAWrapClass": "col-5 col-lg-5 offsetLeft"
            },
            "repairs_maintenance_amt": {
                "labelClass": "p-label col-7",
                "field": "form-control",
                "parent": "col-9 twoColInput",
                "inputAWrapClass": "col-5 col-lg-5 offsetLeft"
            },
            "interest_expense_amt": {
                "labelClass": "p-label col-7",
                "field": "form-control",
                "parent": "col-9 twoColInput",
                "inputAWrapClass": "col-5 col-lg-5 offsetLeft"
            },
            "depreciation_amt": {
                "labelClass": "p-label col-7",
                "field": "form-control",
                "parent": "col-9 twoColInput",
                "inputAWrapClass": "col-5 col-lg-5 offsetLeft"
            },
            "amortization_amt": {
                "labelClass": "p-label col-7",
                "field": "form-control",
                "parent": "col-9 twoColInput",
                "inputAWrapClass": "col-5 col-lg-5 offsetLeft"
            },
            "other_administrative_expenses_amt": {
                "labelClass": "p-label col-7",
                "field": "form-control",
                "parent": "col-9 twoColInput",
                "inputAWrapClass": "col-5 col-lg-5 offsetLeft"
            },
            "total_administrative_expenses_amt": {
                "labelClass": "p-label col-7 fwb",
                "field": "form-control",
                "parent": "col-9 twoColInput",
                "inputAWrapClass": "col-5 col-lg-5 offsetLeft"
            },
            "operating_income_amt": {
                "labelClass": "p-label col-7 fwb",
                "field": "form-control",
                "parent": "col-9 twoColInput",
                "inputAWrapClass": "col-5 col-lg-5 offsetLeft"
            },
            "other_income_loss_amt": {
                "labelClass": "p-label col-7",
                "field": "form-control",
                "parent": "col-9 twoColInput",
                "inputAWrapClass": "col-5 col-lg-5 offsetLeft"
            },
            "net_income_loss_before_tax_amt": {
                "labelClass": "p-label col-7 fwb",
                "field": "form-control",
                "parent": "col-9 twoColInput",
                "inputAWrapClass": "col-5 col-lg-5 offsetLeft"
            },
            "income_tax_expense_amt":{
                "labelClass": "p-label col-7",
                "field": "form-control",
                "parent": "col-9 twoColInput",
                "inputAWrapClass": "col-5 col-lg-5 offsetLeft"
            },
            "net_income_loss_after_tax_amt":{
                "labelClass": "p-label col-7 fwb",
                "field": "form-control",
                "parent": "col-9 twoColInput",
                "inputAWrapClass": "col-5 col-lg-5 offsetLeft"
            },
            "extraordinary_gains_amt": {
                "labelClass": "p-label col-7",
                "field": "form-control",
                "parent": "col-9 twoColInput",
                "inputAWrapClass": "col-5 col-lg-5 offsetLeft"
            },
            "net_income_loss_amt": {
                "labelClass": "p-label col-7",
                "field": "form-control",
                "parent": "col-9 twoColInput",
                "inputAWrapClass": "col-5 col-lg-5 offsetLeft"
            },
            "distributions_dividend_amt": {
                "labelClass": "p-label col-7",
                "field": "form-control",
                "parent": "col-9 twoColInput",
                "inputAWrapClass": "col-5 col-lg-5 offsetLeft"
            },
            "capital_expenditures_amt": {
                "labelClass": "p-label col-7",
                "field": "form-control",
                "parent": "col-9 twoColInput",
                "inputAWrapClass": "col-5 col-lg-5 offsetLeft"
            },
            "ebida" : {
                "labelClass": "p-label col-7 fwb",
                "field": "form-control",
                "parent": "col-12",
                "inputAWrapClass": "col-5 col-lg-5"
            },
            "ebitda" : {
                "labelClass": "p-label col-7 fwb",
                "field": "form-control",
                "parent": "col-12",
                "inputAWrapClass": "col-5 col-lg-5"
            },
            "total_other_debt_m" : {
                "labelClass": "p-label col-7 fwb",
                "field": "form-control",
                "parent": "col-12",
                "inputAWrapClass": "col-5 col-lg-5"
            },
            "total_debt_m" : {
                "labelClass": "p-label col-7 fwb",
                "field": "form-control",
                "parent": "col-12",
                "inputAWrapClass": "col-5 col-lg-5"
            },
            "total_sensitized_debt_m" : {
                "labelClass": "p-label col-7 fwb",
                "field": "form-control",
                "parent": "col-12",
                "inputAWrapClass": "col-5 col-lg-5"
            },
            "total_current_assets" : {
                "labelClass": "p-label col-7 fwb",
                "field": "form-control",
                "parent": "col-12",
                "inputAWrapClass": "col-5 col-lg-5"
            },            
            "total_assets" : {
                "labelClass": "p-label col-7 fwb",
                "field": "form-control",
                "parent": "col-12",
                "inputAWrapClass": "col-5 col-lg-5"
            },
            "total_current_l" : {
                "labelClass": "p-label col-7 fwb",
                "field": "form-control",
                "parent": "col-12",
                "inputAWrapClass": "col-5 col-lg-5"
            },
            "total_liabilities" : {
                "labelClass": "p-label col-7 fwb",
                "field": "form-control",
                "parent": "col-12",
                "inputAWrapClass": "col-5 col-lg-5"
            },
            "total_capital_c" : {
                "labelClass": "p-label col-7 fwb",
                "field": "form-control",
                "parent": "col-12",
                "inputAWrapClass": "col-5 col-lg-5"
            },
            "total_debts_and_shareholder" : {
                "labelClass": "p-label col-7 fwb",
                "field": "form-control",
                "parent": "col-12",
                "inputAWrapClass": "col-5 col-lg-5"
            }
        },
        "text": {
            "common": {
                "labelClass": "p-label",
                "field": "form-control ml-7",
                "parent": "col-3 twoColInput2"
            },
            "adjustment_name": {
                "labelClass": "p-label col-12 pl-lg-0 adjustmentLabel",
                "parent": "parentField col-5"
            },
            "existing_debt_name": {
                "labelClass": "p-label col-12 pl-lg-0 adjustmentLabel",
                "parent": "parentField col-5"
            },
            "new_purpose_debt_name": {
                "labelClass": "p-label col-12 pl-lg-0 adjustmentLabel",
                "parent": "parentField col-5"
            },
            "sensitised_proposed_debt_name": {
                "labelClass": "p-label col-12 pl-lg-0 adjustmentLabel",
                "parent": "parentField col-5"
            },
            "other_debt_name": {
                "labelClass": "p-label col-12 pl-lg-0 adjustmentLabel",
                "parent": "parentField col-5"
            },
            "dscr_ebitda_m": {
                "labelClass": "p-label col-7 fwb",
                "parent": "rubicontextRow col-12",
                "inputAWrapClass": "col-5 col-lg-5"
            },
            "dscr_ebida_m": {
                "labelClass": "p-label col-7 fwb",
                "parent": "rubicontextRow col-12",
                "inputAWrapClass": "col-5 col-lg-5"
            },
            "sensatized_dscr_ebitda_m": {
                "labelClass": "p-label col-7 fwb",
                "parent": "rubicontextRow col-12",
                "inputAWrapClass": "col-5 col-lg-5"
            },
            "sensatized_dscr_ebida_m": {
                "labelClass": "p-label col-7 fwb",
                "parent": "rubicontextRow col-12",
                "inputAWrapClass": "col-5 col-lg-5"
            }
        },
        "group": {
            "common": {
                "heading": "fs18 fwb bgTitle",
                "wrapper": "addMoreWrap",
                "deleteBtn":"deleteIcon float-lg-none mt-2 ml-0"
                
            },
            "adjustment_add_more": {},
            "new_purpose_debt_l_add_more": {},
            "edita_group": {},
            "sensitised_proposed_debt_l_add_more": {},
            "cpltd_group": {},
            "other_debt_l_add_more": {},
            "other_debts_group_m": {},
            "income_statement": {}
            
    },
    "label" : {
        "common": {
            "labelClass": "fs14 fwb subTitlePf"
        }
        
    }
    },
    "personal_financial": {
        "amount": {
            "common": {
                "labelClass": "p-label col-7",
                "field": "form-control",
                "parent": "col-12",
                "inputAWrapClass": "col-5 col-lg-5"
            }
        },
        "text": {
            "common": {
                "labelClass": "p-label col-7",
                "field": "form-control",
                "parent": "col-12",
                "inputAWrapClass": "col-5 col-lg-5"
            },
            "adjustment_name": {
                "labelClass": "p-label col-12 pl-lg-0 adjustmentLabel",
                "parent": "parentField col-5"
            },            
            "existing_debt_name": {
                "labelClass": "p-label col-12 pl-lg-0 adjustmentLabel",
                "parent": "parentField col-5"
            },
            "leverage": {
                "labelClass": "p-label col-7",
                "parent": "rubicontextRow col-12",
                "inputAWrapClass": "col-5 col-lg-5"
            },
            "adjusted_leverage": {
                "labelClass": "p-label col-7",
                "inputAWrapClass": "col-5 col-lg-5",
                "parent": "rubicontextRow col-12"
            },
            "debt_ratio": {
                "labelClass": "p-label col-7",
                "inputAWrapClass": "col-5 col-lg-5",
                "parent": "rubicontextRow col-12"
            }
            ,
            "dscr": {
                "labelClass": "p-label col-7",
                "inputAWrapClass": "col-5 col-lg-5",
                "parent": "rubicontextRow col-12"
            }


        },
            "group": {
                "common": {
                    "heading": "fs18 fwb bgTitle",
                    "wrapper": "addMoreWrap",
                    "deleteBtn":"deleteIcon float-lg-none mt-2 ml-0"
                },
                "personal_financial_analysis" : {  },
                "gross_cash_flow_group" : {  },
                "existing_debt_add_more": {},
                "adjustment_add_more": {},
                "other_existing": {}
        },
        "label" : {
            "common": {
                "labelClass": "fs14 fwb subTitlePf"
            },
            "less": {
                "labelClass": "fs18 fwb bgTitle"
            },
            "adjustment_to_tangible_net_worth":{
                "labelClass": "fs18 fwb bgTitle"
            }
        }
    },
    "cashflow_comment": {
        "textarea": {
            "common": {
                "parent": "mb-0 col-12 col-lg-12"
            }
        }
    },
    "irs_online_owner": {
        "text": {
            "common": {
                "parent": "col-12 col-lg-4",
                "wrapper": ""
            }
        },
        "switch": {
            "common": {
                "parent": "col-12 col-lg-12 col-xl-12",
                "switchLabelClass": "col-12 col-lg-12 col-xl-12 p-0"
            }
        },
        "select": {
            "common": {
                "parent": "col-12 col-lg-4",
                "wrapper": ""
            }
        },
        "group": {
            "common": {
                "heading": "fs18 fwb mb-3 gbg px-3 py-2",
                "wrapper": ""
            },
            "transcript_requested":{
                "heading": "mb-3 py-2"
            },
            "checklist":{
                "heading": "mb-3 py-2 fwsb fs14"   
            }
        }
    
    },
    "irs_online_Business": {
        "text": {
            "common": {
                "parent": "col-12 col-lg-4",
                "wrapper": ""
            }
        },
        "switch": {
            "common": {
                "parent": "col-12 col-lg-12 col-xl-12",
                "switchLabelClass": "col-12 col-lg-12 col-xl-12 p-0"
            }
        },
        "select": {
            "common": {
                "parent": "col-12 col-lg-4",
                "wrapper": ""
            }
        },
        "group": {
            "common": {
                "heading": "fs18 fwb mb-3 gbg px-3 py-2",
                "wrapper": ""
            },
            "transcript_requested":{
                "heading": "mb-3 py-2"
            },
            "checklist":{
                "heading": "mb-3 py-2 fwsb fs14"   
            }
        }
    
    },
    "irs_manual_owner":{
        "text": {
            "common": {
                "parent": "col-12 col-lg-4",
                "wrapper": ""
            }
        },
        "switch": {
            "common": {
                "parent": "col-12 col-lg-12 col-xl-12",
                "switchLabelClass": "col-12 col-lg-12 col-xl-12 p-0"
            }
        },
        "select": {
            "common": {
                "parent": "col-12 col-lg-4",
                "wrapper": ""
            }
        },
        "group": {
            "common": {
                "heading": "fs18 fwb mb-3 gbg px-3 py-2",
                "wrapper": ""
            },
            "transcript_requested":{
                "heading": "mb-3 py-2"
            },
            "checklist":{
                "heading": "mb-3 py-2 fwsb fs14"   
            }
        }
    },
    "irs_manual_business":{
        "text": {
            "common": {
                "parent": "col-12 col-lg-4",
                "wrapper": ""
            }
        },
        "switch": {
            "common": {
                "parent": "col-12 col-lg-12 col-xl-12",
                "switchLabelClass": "col-12 col-lg-12 col-xl-12 p-0"
            }
        },
        "select": {
            "common": {
                "parent": "col-12 col-lg-4",
                "wrapper": ""
            }
        },
        "group": {
            "common": {
                "heading": "fs18 fwb mb-3 gbg px-3 py-2",
                "wrapper": ""
            },
            "transcript_requested":{
                "heading": "mb-3 py-2"
            },
            "checklist":{
                "heading": "mb-3 py-2 fwsb fs14"   
            }
        }
    },
    "credit_approval_form": {
        "text": {
            "common": {
                "parent": "col-12 col-lg-3"
                
            }
        },
        "amount": {
            "common": {
                "parent": "col-12 col-lg-3"
            }
        },
        "switch": {
            "common": {
                "parent": "col-12",
                "inputClass": "form-check-input",
                "switchLabelClass": ""
            }
        },
        "select": {
            "common": {
                "parent": "col-12 col-lg-3",
                "wrapper": ""
            }
        },
        "date": {
            "common": {
                "labelClass": "p-label",
                "field": "form-control",
                "parent": "col-12 col-lg-4 col-xl-3"
            }
        },
        "radio": {
            "common": {
                "labelClass": "fs16 fwb ptc pb-2",
                "parent": "col-12 col-lg-4 col-xl-4 pl-lg-0"
            },
            "loan_decision": {
                "labelClass": "fs16 fwb ptc pb-2",
                "parent": "col-12 col-lg-6 col-xl-6 pl-lg-0"
            },
            "principal": {
                "labelClass": "fs16 fwb ptc pb-2",
                "parent": "col-12 col-lg-12 col-xl-12"
            }
            
        },
        "button": {
            "common": {
                "labelClass": "fs18 fwb",
                "field": "btn btn-primary btn-sm ml-3"
            }
        },
        "group": {
            "common": {
                "parent": "inlineGrp pb-0 mb-0 w-100",
                "heading": "fs18 fwb mb-3 gbg px-3 py-2 w-100",
                "wrapper": "w-100"
            },
            "guarantor_info": {
                "parent": "inlineGrp pb-0 mb-0 w-100",
                "heading": "fs18 fwb mb-3 gbg px-3 py-2 w-100",
                "wrapper": "w-100 mb-4"
            },
            "banker_info":{
                "heading": "mb-3 py-2 d-none"
            },
            "approval_decision_form":{
                "heading": "mb-3 py-2 d-none",
                "parent": "inlineGrp pb-0 mb-0 w-100",
                "wrapper": "row"
            },
            "address":{
                "parent": "col-12",
                "heading": "mb-3 py-2 fwsb fs18 w-100"   
            },
            
            "cra_address":{
                "parent": "inlineGrp pb-0 mb-0 ml-3",
                "heading": "mb-3 py-2 fwsb fs18 w-100"   
            },
            "cra_street_no":{
                "parent": "col-12",
                "heading": "mb-3 py-2 fwsb fs18 w-100"   
            }
        }
    },
    "approval_decision_form": {
        "textarea": {
            "common": {
                "labelClass": "p-label",
                "field":"form-control",
                "parent": "col-12 col-lg-6 col-xl-6"
            },
            "interest_rate_comments": {
                "labelClass": "p-label",
                "field":"form-control",
                "parent": "col-12 col-lg-6 col-xl-9 mr-5"
            },
            "credit_unavail_reason_comment": {
                "labelClass": "p-label",
                "field":"form-control",
                "parent": "col-12 col-lg-6 col-xl-9 mr-5"
            },
            "compensating_factors": {
                "labelClass": "p-label",
                "field":"form-control",
                "parent": "col-12 col-lg-6 col-xl-6 pl-lg-0"
            }
        },
        "text": {
            "common": {
                "parent": "col-12 col-lg-3"
            },
            "eligible_cd": {
                "parent": "col-12 col-lg-3 pl-lg-0",
                "wrapper": ""
            }
        },
        "amount": {
            "common": {
                "parent": "col-12 col-lg-3"
            }
        },
        "switch": {
            "common": {
                "parent": "row",
                "inputClass": "form-check-input",
                "switchLabelClass": "col-12 col-lg-12 col-xl-12"
            }
        },
        "select": {
            "common": {
                "parent": "col-12 col-lg-3",
                "wrapper": ""
            },
            "eligible_ind": {
                "parent": "col-12 col-lg-3 pl-lg-0",
                "wrapper": ""
            },
            "redecision_condition": {
                "labelClass": "fs16 fwb ptc pb-2",
                "parent": "col-12 col-lg-3 col-xl-3 pl-lg-0 pr-lg-4"
            }
        },
        "date": {
            "common": {
                "labelClass": "p-label",
                "field": "form-control",
                "parent": "col-12 col-lg-3 col-xl-3"
            }
        },
        "radio": {
            "common": {
                "labelClass": "fs16 fwb ptc pb-2",
                "parent": "col-12 col-lg-4 col-xl-4"
            },
            "degree_of_commitment": {
                "labelClass": "fs16 fwb ptc pb-2",
                "parent": "col-12 col-lg-6 col-xl-6"
            }
        },
        "button": {
            "common": {
                "labelClass": "fs18 fwb",
                "field": "btn btn-primary btn-sm ml-3"
            }
        },
        "group": {
            "common": {
                "heading": "fs18 fwb mb-3 gbg px-3 py-2 w-100"
            },
            "banker_info":{
                "heading": "mb-3 py-2"
            },
            "approval_decision_form":{
                "heading": "mb-3 py-2",
                "parent": "",
                "wrapper": "row"
            },
         
            "address":{
                "parent": "inlineGrp pb-0 mb-0 ml-3",
                "heading": "mb-3 py-2 fwsb fs18 w-100"   
            },
            "cra_address":{
                "parent": "col-12",
                "heading": "mb-3 py-2 fwsb fs18 w-100"   
            }
        }
    },
    "decline_decision_form":{
        "select": {
            "common": {
                "labelClass": "fs16 fwb ptc pb-2",
                "parent": "col-12 col-lg-3",
                "wrapper": ""
            },
            "redecision_condition": {
                "labelClass": "fs16 fwb ptc pb-2",
                "parent": "col-12 col-lg-3 col-xl-3 pl-lg-0 pr-lg-4"
            }
        }

    },
    "withdrawn_decision_form":{
        "select": {
            "common": {
                "labelClass": "fs16 fwb ptc pb-2",
                "parent": "col-12 col-lg-3",
                "wrapper": ""
            },
            "redecision_condition": {
                "labelClass": "fs16 fwb ptc pb-2",
                "parent": "col-12 col-lg-3 col-xl-3 pl-lg-0 pr-lg-4"
            }
        }
    },
    "evaluation_cra":{
        "radio": {
            "common": {
                "parent": "sbaFormRadio w-100 mx-cra py-4 border-bottom",
                "wrapper": "row col-12 col-md-2 col-lg-2 col-xl-2 pr-md-0 radioWrap",
                "labelClass": "fs14 pb-2 pb-lg-0 col-12 col-md-10 col-lg-10 col-xl-10",
                "error": "error-radio col-12"
            },
            "evaluation_cra_radio_4":{
                "parent": "sbaFormRadio w-100 mx-cra py-4 border-bottom mb-4",
                "wrapper": "row col-12 col-md-2 col-lg-2 col-xl-2 pr-md-0 radioWrap",
                "labelClass": "fs14 pb-2 pb-lg-0 col-12 col-md-10 col-lg-10 col-xl-10",
                "error": "error-radio col-12"
            }
        },
        "text": {
            "common": {
                "labelClass": "fs16 fwb ptc pb-2",
                "parent": "col-12 col-lg-4 col-xl-4"
            },
            "CRA_Loan_Result":{
                "labelClass": "fs16 fwb ptc pb-2 col-10 pl-0",
                "parent": "col-12 col-lg-4 col-xl-4 craLoanDesig",
                "field":"col-2 form-control"
            }
        },
        "select": {
            "common": {
                "labelClass": "fs16 fwb ptc pb-2",
                "parent": "col-12 col-lg-3 col-xl-3"
                
            },
            "buisness_annual_sales":{
                "labelClass": "fs16 fwb ptc pb-2",
                "parent": "col-12 col-lg-3 col-xl-4"
            },
            "annual_sales":{
                "labelClass": "fs16 fwb ptc pb-2",
                "parent": "col-12 col-lg-3 col-xl-5"
            }
        }
    },
    "real-estate-form":{
        "radio": {
            "common": {
                "parent": "col-1 col-lg-1 col-xl-1 border-right-pfs"
            }
        },
        "text": {
            "common": {
                "parent": "re-col border-right-pfs"
            },
            "zipcode": {
                "parent": "re-col rEzipcodeField border-right-pfs"
            }

        },
        "date": {
            "common": {
                "parent": "re-col rEdateField PfsDate border-right-pfs"
            }
        },
        "select": {
            "common": {
                "labelClass": "hideLabel",
                "parent": "re-col border-right-pfs"
            },
            "advance_rate": {
                "labelClass": "hideLabel",
                "parent": "re-col rEadvance_rateField border-right-pfs"
            },
            "lein_value": {
                "labelClass": "hideLabel",
                "parent": "re-col rElein_valueField border-right-pfs"
            }
        },
        "amount": {
            "common": {
                "labelClass": "hideLabel",
                "parent": "re-col border-right-pfs"
            }
        },
        "group": {
            "common": {
                "wrapper": "deletePfs col-12 pfs-row-height" ,
                "parent":"col-12 p-0 w-100",
                "deleteBtn":"deleteIcon float-lg-none mt-2 p-2",
                "addButton":"btn btn-primary btn-md mt-3",
                "totalWrapper": "positionset row pr-0 pfs-row-grey",
                "totalLabelClass_0":"crepriu1  border-right-pfs-t fs14",
                "totalFieldClass_0":"cashTotal1",
                "totalFieldColClass_0":"col-7 text-right",
                "totalFieldwrapClass_0":"crepriu2 border-right-pfs-t",
                "totalLabelClass_1":"crepriu3 border-right-pfs-t fs14",
                "totalFieldClass_1":"cashTotal2",                
                "totalFieldwrapClass_1":"crepriu4 border-right-pfs-t",
                "totalFieldColClass_1":"col-5 text-right",
                "field": "row"
            }
        }
    },
    "real-estate-valuation-form": {
        "amount": {
            "common":{
                "labelClass": "col-8 col-lg-8 text-right pt-2 mt-1",
                "field": "form-control",
                "parent": "col-12 collateralVal",
                "inputAWrapClass": "col-4 col-lg-4",
                "error": "offset-8 pl-3 text-right"
            }
        },
        "text": {
            "common":{
                "labelClass": "col-8 col-lg-8 text-right pt-2 mt-1 fwsb",
                "field": "form-control",
                "parent": "col-12 collateralVal border-top-black pt-3",
                "inputAWrapClass": "col-4 col-lg-4"
            }
        }
    },
    "aba-form":{
        "radio": {
            "common": {
                "parent": "col-2 col-lg-2 col-xl-2 border-right-pfs"
            }
        },
        "text": {
            "common": {
                "parent": "col-2 border-right-pfs"
            }
        },
        "date": {
            "common": {
                "parent": "col-1 PfsDate border-right-pfs"
            }
        },
        "select": {
            "common": {
                "labelClass": "hideLabel",
                "parent": "col-2 border-right-pfs"
            },
            "advance_rate": {
                "labelClass": "hideLabel",
                "parent": "col-1 border-right-pfs"
            },
            "lein_value": {
                "labelClass": "hideLabel",
                "parent": "col-1 border-right-pfs"
            },
            "collateral_appraisal_type": {
                "labelClass": "hideLabel",
                "parent": "col-1 border-right-pfs"
            },
            "valuation_source": {
                "labelClass": "hideLabel",
                "parent": "col-1 border-right-pfs"
            }
        },
        "amount": {
            "common": {
                "labelClass": "hideLabel",
                "parent": "col-2 border-right-pfs"
            },
            "gross_value": {
                "labelClass": "hideLabel",
                "parent": "col-1 border-right-pfs"
            },
            "net_value": {
                "labelClass": "hideLabel",
                "parent": "col-1 border-right-pfs"
            }
        },
        "group": {
            "common": {
                "wrapper": "deletePfs col-12 pfs-row-height" ,
                "parent":"col-12 p-0 w-100",
                "deleteBtn":"deleteIcon float-lg-none mt-2 p-2",
                "addButton":"btn btn-primary btn-md mt-3",
                "totalWrapper": "positionset row pr-0 pfs-row-grey",
                "totalLabelClass_0":"abarepriu1  border-right-pfs-t fs14",
                "totalFieldClass_0":"cashTotal1",
                "totalFieldColClass_0":"col-8 text-right",
                "totalFieldwrapClass_0":"abarepriu2 border-right-pfs-t",
                "totalLabelClass_1":"abarepriu3 border-right-pfs-t fs14",
                "totalFieldClass_1":"cashTotal2",                
                "totalFieldwrapClass_1":"abarepriu4 border-right-pfs-t",
                "totalFieldColClass_1":"col-4 text-right",
                "field": "row"
            }
        }
    },
    "aba-valuation-form": {
        "amount": {
            "common":{
                "labelClass": "col-8 col-lg-8 text-right pt-2 mt-1",
                "field": "form-control",
                "parent": "col-12 collateralVal",
                "inputAWrapClass": "col-4 col-lg-4",
                "error": "offset-8 pl-3 text-right"
            }
        },
        "text": {
            "common":{
                "labelClass": "col-8 col-lg-8 text-right pt-2 mt-1 fwsb",
                "field": "form-control",
                "parent": "col-12 collateralVal border-top-black pt-3",
                "inputAWrapClass": "col-4 col-lg-4"
            }
        }
    },
    "collateral-extra-info-form":{
        "label":{
            "common": {
                "labelClass": "fwsb ptc",
                "parent": "col-12 d-block"
            }
        },
        "amount": {
            "common": {
                "labelClass": "fwsb ptc",
                "parent": "col-12 col-lg-4 col-xl-4"
            },
            "appraised_amount": {
                "labelClass": "fwsb ptc",
                "parent": "col-12 col-lg-4 col-xl-4"
            }
        },
        "date": {
            "common": {
                "labelClass": "fwsb ptc",
                "parent": "col-12 col-lg-4 col-xl-4"
            }
        },
        "text": {
            "common": {
                "labelClass": "fwsb ptc",
                "parent": "col-12 col-lg-4 col-xl-4"
            },
            "no_reason_appraisal_on_hand": {
                "labelClass": "fwsb ptc",
                "parent": "col-12 col-lg-4 col-xl-4 mr-3"
            },
            "no_reason_is_the_appraiser_on_bank_approved_list": {
                "labelClass": "fwsb ptc",
                "parent": "col-12 col-lg-4 col-xl-4 mr-3"
            },
            "no_reason_appraisal_results_are_satisfactory": {
                "labelClass": "fwsb ptc",
                "parent": "col-12 col-lg-4 col-xl-4 mr-3"
            },
            "no_reason_appraisal_complies_with_regulation_h": {
                "labelClass": "fwsb ptc",
                "parent": "col-12 col-lg-4 col-xl-4 mr-3"
            }
        },
        "radio": {
            "common": {
                "labelClass": "fwsb ptc mb-2",
                "parent": "col-12 col-lg-12 col-xl-4 noOpt mb-5"
            }
        },
        "textarea": {
            "common": {
                "parent": "mb-0 col-12 col-lg-12"
            }
        }
    },
    "hmda":{
        "group": {
            "common": {
                "parent": "inlineGrp pb-2 mb-0 w-100",
                "wrapper": "w-100 px-3",
                "heading": "fs18 fwb mb-3 px-3 py-2 w-100"
                
            },
            "applicant": {
                "parent": "col-12 col-lg-12 col-xl-12",
                "heading": "fs18 fwb mb-3 gbg px-3 py-2 w-100"
            },
            "borrower": {
                "parent": "col-12 col-lg-12 col-xl-12",
                "heading": "fs18 fwb mb-3 gbg px-3 py-2 w-100"
            },
            "applicant_information":{
                "parent": "col-12 col-lg-12 col-xl-12",
                "heading": "fs18 fwb w-100"
            }
           

        },
        "label" : {
            "common": {
                "parent": "col-12 col-lg-12 col-xl-12 m-0"
            }
            
           
            
        },
        "radio": {
            "common": {
                "labelClass": "p-label pb-2",
                "parent": "col-12 col-lg-12 col-xl-12"
            }
        },
        "text": {
            "common": {
                "labelClass": "p-label",
                "parent": "col-12 col-lg-3 col-xl-3"
                
            }
        },
        "select": {
            "common": {
                "parent": "col-12 col-lg-3",
                "wrapper": ""
            }
        }
    },
    "datahub_info_form": {
        "group": {
            "common": {
                "heading": "mt-3 py-2 fwsb fs18 w-100",
                "parent": "col-12 pb-0 mb-0 w-100"
            },
            "loan_details":{
                "heading": "pb-2 fwsb fs18 w-100",
                "parent": "col-12 pb-0 mb-0 w-100"
            }
        },
        "select": {
            "common": {
                "parent": "col-12 col-lg-3",
                "wrapper": ""
            }
        },
        "date": {
            "common": {
                "labelClass": "p-label",
                "field": "form-control",
                "parent": "col-12 col-lg-3 col-xl-3"
            }
        },
        "text": {
            "common": {
                "parent": "col-12 col-lg-3"
            }
        },
        "amount": {
            "common": {
                "parent": "col-12 col-lg-3"
            }
        }
    },
    "silverlake_form": {
        "group": {
            "common": {
                "heading": "mt-3 py-2 fwsb fs18 w-100",
                "parent": "col-12 pb-0 mb-0 w-100"
            },
            "loan_details":{
                "heading": "pb-2 fwsb fs18 w-100",
                "parent": "col-12 pb-0 mb-0 w-100"
            }
        },
        "select": {
            "common": {
                "parent": "col-12 col-lg-3",
                "wrapper": ""
            }
        },
        "date": {
            "common": {
                "labelClass": "p-label",
                "field": "form-control",
                "parent": "col-12 col-lg-3 col-xl-3"
            }
        },
        "text": {
            "common": {
                "parent": "col-12 col-lg-3"
            }
        },
        "amount": {
            "common": {
                "parent": "col-12 col-lg-3"
            }
        }
    },
    "requested-documents": {
        "text": {
            "common": {
                "parent": "col-8"
            }
        },
        "date": {
            "common": {
                "parent": "col-4 PfsDate"
            }
        }
    },
    "start_an_application": {
        "text": {
            "common": {
                "parent": "col-12 col-lg-6 col-xl-6"
            }
        },
        "radio": {
            "have_a_loan": {"parent" : "col-12 col-lg-12 col-xl-12"}
        }
    },
    "gdscr": {
        "amount": {
            "common": {
                "labelClass": "p-label col-7",
                "field": "form-control",
                "parent": "col-12 p-0",
                "inputAWrapClass": "col-5 col-lg-5"
            },
            "actual_global_available_cash_ebitda": {
                "labelClass": "p-label col-7 fwb",
                "field": "form-control",
                "parent": "col-12 p-0",
                "inputAWrapClass": "col-5 col-lg-5"
            },
            "actual_global_available_cash_ebida": {
                "labelClass": "p-label col-7 fwb",
                "field": "form-control",
                "parent": "col-12 p-0",
                "inputAWrapClass": "col-5 col-lg-5"
            },
            "total_debt_service": {
                "labelClass": "p-label col-7 fwb",
                "field": "form-control",
                "parent": "col-12 p-0",
                "inputAWrapClass": "col-5 col-lg-5"
            },
            "ngcf_ebitda": {
                "labelClass": "p-label col-7 fwb",
                "field": "form-control",
                "parent": "col-12 p-0",
                "inputAWrapClass": "col-5 col-lg-5"
            },
            "ngcf_ebida": {
                "labelClass": "p-label col-7 fwb",
                "field": "form-control",
                "parent": "col-12 p-0",
                "inputAWrapClass": "col-5 col-lg-5"
            }
        },
        "text": {
            "common": {
                "labelClass": "p-label col-7 fwb",
                "parent": "rubicontextRow col-12 p-0",
                "inputAWrapClass": "col-5 col-lg-5"
            }
        }
    },
    "loan-type": {
        "amount": {
            "common": {
                "labelClass": "invisibleLabel",
                "parent": "col-12 col-lg-5"
            }
        },
        "select": {
            "common": {
                "labelClass": "p-label",
                "parent": "col-12 col-lg-6"
            }
        },
        "group": {
            "purpose_arr": {
                "wrapper": "loanBlockRow gbg p-4 mb-3 mt-2 sbaf7",
                "parent": "col-12"
            }
        }
    },
    "assign-to":{
        "label" : {
            "common": {
                "parent": "col-12 col-lg-12 col-xl-12 m-0"
            }
        },
        "select": {
            "common": {
                "parent": "col-12 col-lg-12",
                "wrapper": ""
            },
            "assign_to": {
                "groupkey":"role_name",
                "parent": "col-12 col-lg-12 col-xl-12"
            }
        }
    },
    "loan-sub-status": {
        "radio": {
            "common": {
                "inputParent": "col-12 mb-2",
                "spanClass": "fs16 rlt",
                "parent": "col-12",
                "wrapper":"row radioWrap"
            }
        },
        "select": {
            "common": {
                "labelClass": "p-label",
                "field": "form-control",
                "parent": "col-12 col-lg-12 col-xl-12"
            }
        },
        "text" : {
            "common": {
                "labelClass": "p-label",
                "field": "form-control",
                "parent": "col-12 col-lg-12 col-xl-12"
            }
        }
    },
    "gross-sales": {
        "radio": {
            "common": {
                "wrapper": "row",
                "inputParent": "col-6 col-md-5 col-lg-4 col-xl-3 align-items-center justify-content-center form-group text-center bspace",
                "label": "d-flex align-items-center justify-content-center fs16 fwm pb-2 ptc wbgws m-0 ",
                "field": "radio-input invisible",
                "spanClass": "fs16 fwm d-block"
            },
            "operating_years": {
                "parent": "w-100 sbaFormRadio",
                "wrapper": "d-flex col-12 col-md-12 col-lg-5 col-xl-5 radioWrap",
                "labelClass": "p-label col-12 col-md-12 col-lg-5 col-xl-5",
                "error": "error-radio col-12"
            }
        }
    },
    "about-business": {
        "text":{
            "common": {
              "labelClass": "p-label",
              "field":"form-control",
              "parent": {
                "naics": "col-12 col-lg-6 col-xl-6",  
                "business_name": "col-12 col-lg-6 col-xl-6",
                "trade_name": "col-12 col-lg-6 col-xl-6",
                "app_biz_tax_id": "col-12 col-lg-6 col-xl-6",
                "company_status": "col-12 col-lg-6 col-xl-6",
                "business_structure": "col-12 col-lg-6 col-xl-6",
                "phone_number": "col-12 col-lg-6 col-xl-6",
                "street_name": "col-12 col-lg-6 col-xl-6",
                "street_no": "col-12 col-lg-6 col-xl-6",
                "franchise_check": "col-12 col-lg-6 col-xl-6",
                "business_franchise_code": "col-12 col-lg-6 col-xl-6"
                }             
            },
            "zip_code": {
                "labelClass": "p-label",
                "field": "form-control location",
                "parent": "col-12 col-lg-6 col-xl-6"
            }
        },
        "tel": {
            "common": {
                "labelClass": "p-label",
                "field": "form-control",
                "parent": {
                    "biz_phone_no": "col-12 col-lg-6 col-xl-6",
                    "phone_number": "col-12 col-lg-6 col-xl-6"
                }
            }
        },
        "date": {
            "common": {
                "labelClass": "p-label",
                "field": "form-control",
                "parent": "col-12 col-lg-6 col-xl-6"
            }
        },
        "select": {
            "common": {
                "labelClass": "p-label",
                "field": "form-control",
                "parent": "col-12 col-lg-6 col-xl-6"
            },
            "company_status":{
                "labelClass": "p-label",
                "field": "form-control",
                "parent": "col-12 col-lg-6 col-xl-6",
                "tooltip": {
                    "company_status": "ml-1 cp"
                    
                    
                }
            }
        }
    },
    "owner-details": {
        "group": {
            "common": {
                "parent": "inlineGrp pb-0 mb-0 w-100",
                "heading": "p-label col-12 pb-2",
                "wrapper": "w-100"
            }
        },
        "text": {
            "common": {
                "labelClass": "p-label",
                "field": "form-control",
                "parent": "col-12 col-lg-6 col-xl-6"
            },
            "zip_code": {
                "labelClass": "p-label",
                "field": "form-control location",
                "parent": "col-12 col-lg-6 col-xl-6"
            }
        },
        "tel": {
            "common": {
                "fieldCol": "mt40",
                "labelClass": "p-label",
                "field": "form-control",
                "parent": "col-12 col-lg-6 col-xl-6"
            }
        },
        "date": {
            "common": {
                "labelClass": "p-label",
                "field": "form-control",
                "parent": "col-12 col-lg-6 col-xl-6"
            }
        },
        "select": {
            "common": {
                "parent": "col-12 col-lg-6 col-xl-6"
            },
            "residence_type": {
                "field": "form-control",
                "parent": "col-12 col-lg-6 col-xl-6 mr-lg-3"
            }
        },
        "range_percentage": {
            "common": {
                "fieldCol": "row",
                "labelClass": "fs14 fwsb col-lg-8",
                "sliderClass": "col-12 col-lg-10",
                "inputClass": "col-12 col-lg-2",
                "field": "form-check-input",
                "parent": {
                    "ownership": "col-12 col-8"
                }
            }
        },
        "switch": {
            "common": {
                "parent": "col-12 col-lg-12 col-xl-12",
                "switchLabelClass": "col-12 col-lg-12 col-xl-12 p-0"
            },
            "agreed_terms_and_condition" : {
                "parent": "col-12 col-lg-12 col-xl-12 ",
                "switchLabelClass": "p-0 hideLabel"
            }
        }
    },
    "another-owner-detail": {
        "group": {
            "common": {
                "parent": "inlineGrp pb-0 mb-0 w-100",
                "heading": "p-label col-12 pb-2",
                "wrapper": "px-3 w-100"
            }
        },
        "text": {
            "common": {
                "parent": "col-12 col-lg-6 col-xl-6"
            },
            "zip_code": {
                "field": "form-control location",
                "parent": "col-12 col-lg-6 col-xl-6 mr-3"
            }
        },
        "tel": {
            "common": {
                "fieldCol": "row mt40",
                "labelClass": "p-label",
                "field": "form-control",
                "parent": "col-12 col-lg-6 col-xl-6"
            }
        },
        "date": {
            "common": {
                "labelClass": "p-label",
                "field": "form-control",
                "parent": "col-12 col-lg-6 col-xl-6"
            }
        },
        "select": {
            "common": {
                "parent": "col-12 col-lg-6 col-xl-6"
            }
        },
        "switch": {
            "common": {
                "parent": "row",
                "inputClass": "form-check-input",
                "switchLabelClass": "col-12 col-lg-12 col-xl-12"
            }
        },
        "range_percentage": {
            "common": {
                "fieldCol": "row",
                "labelClass": "fs14 fwsb col-lg-8",
                "sliderClass": "col-12 col-lg-10",
                "inputClass": "col-12 col-lg-2",
                "field": "form-check-input",
                "parent": {
                    "ownership": "col-12 col-8"
                }
            }
        },
        "radio": {
            "common": {
                "parent": "col-12 col-lg-6 col-xl-6 ownerGutype"
            },
            "owner_type": {
                "parent": "col-12 col-lg-6 col-xl-6 ownerGutype",
                "wrapper": "row pl-3 radioWrap"
            }
        }
    },
    "verify-owner-consent": {
        "group": {
            "common": {
                "parent": "inlineGrp mb-0 w-100",
                "heading": "p-label col-12 pb-2",
                "wrapper": "col-12"
            }
        },
        "text": {
            "common": {
                "labelClass": "p-label",
                "field": "form-control",
                "parent": "col-12 col-lg-6 col-xl-6"
            },
            "zip_code": {
                "labelClass": "p-label",
                "field": "form-control location",
                "parent": "col-12 col-lg-6 col-xl-6"
            }
        },
        "tel": {
            "common": {
                "fieldCol": "mt40",
                "labelClass": "p-label",
                "field": "form-control",
                "parent": "col-12 col-lg-6 col-xl-6"
            }
        },
        "date": {
            "common": {
                "labelClass": "p-label",
                "field": "form-control",
                "parent": "col-12 col-lg-6 col-xl-6"
            }
        },
        "select": {
            "common": {
                "parent": "col-12 col-lg-6 col-xl-6"
            },
            "residence_type": {
                "field": "form-control",
                "parent": "col-12 col-lg-6 col-xl-6 mr-lg-3"
            }
        },
        "range_percentage": {
            "common": {
                "fieldCol": "row",
                "labelClass": "fs14 fwsb col-lg-8",
                "sliderClass": "col-12 col-lg-10",
                "inputClass": "col-12 col-lg-2",
                "field": "form-check-input",
                "parent": {
                    "ownership": "col-12 col-8"
                }
            }
        },
        "switch": {
            "common": {
                "parent": "col-12 col-lg-12 col-xl-12",
                "switchLabelClass": "col-12 col-lg-12 col-xl-12 p-0"
            }
        }
    },
    "sba-form-4": {
        "radio": {           
            "common": {
                "parent": "sbaFormRadio mx-0 py-4 border-bottom",
                "wrapper": "row col-12 col-md-12 col-lg-3 col-xl-3 pr-md-0 pr-lg-0 ml-0 radioWrap",
                "labelClass": "count fs14 pb-2 pb-lg-0 col-12 col-md-12 col-lg-9 col-xl-9 pr-lg-0",
                "error": "error-radio col-12"
            }
        }
    },
    "sba-form-6": {
        "radio": {
            "common": {
                "parent": "w-100 sbaFormRadio px-0 mx-3 py-4 border-bottom",
                "wrapper": "d-flex col-12 col-md-12 col-lg-3 col-xl-3 pr-md-0 pr-lg-0 radioWrap",
                "labelClass": "count fs14 pb-2 pb-lg-0 col-12 col-md-12 col-lg-9 col-xl-9 pr-lg-0",
                "error": "error-radio col-12"
            },
           "any_control_biz_hassbaloan_check": {
            "parent": "w-100 sbaFormRadio px-0 mx-3 py-4 border-bottom-0 mb-0 pb-0",
            "wrapper": "d-flex col-12 col-md-12 col-lg-3 col-xl-3 pr-md-0 pr-lg-0 radioWrap",
            "inputParent": "radioWrap",
            "labelClass": "count fs14 pb-2 pb-lg-0 col-12 col-md-12 col-lg-9 col-xl-9 pr-lg-0 pl-lg-5",
            "error": "error-radio col-12"
           },
           "any_financing_deliquent_26_check": {
            "parent": "w-100 sbaFormRadio px-0 mx-3 py-0 border-bottom-0 mb-4 pb-0",
            "wrapper": "d-flex col-12 col-md-12 col-lg-3 col-xl-3 pr-md-0 pr-lg-0 radioWrap",
            "inputParent": "radioWrap",
            "labelClass": "count fs14 pb-2 pb-lg-0 col-12 col-md-12 col-lg-9 col-xl-9 pr-lg-0 pl-lg-5",
            "error": "error-radio col-12"
           },
           "any_gov_loss_26_check": {
            "parent": "w-100 sbaFormRadio px-0 mx-3 py-0 border-bottom-0 mb-0 pb-0",
            "wrapper": "d-flex col-12 col-md-12 col-lg-3 col-xl-3 pr-md-0 pr-lg-0 radioWrap",
            "inputParent": "radioWrap",
            "labelClass": "count fs14 pb-2 pb-lg-0 col-12 col-md-12 col-lg-9 col-xl-9 pr-lg-0 pl-lg-5",
            "error": "error-radio col-12"
           }

        }
    },
    "sba-form-5": {
        "text": {
            "common": {
                "parent": "col-12 col-lg-6 col-xl-6"
            },
            "confirm_q_17": {
                "parent": "col-12 py-4 customRow",
                "labelClass": "col-12 col-lg-9 col-xl-9 fs14 fwsb",
                "field": "form-control col-12 ml-3 ml-lg-0 col-lg-3 col-xl-3",
                "error": "error-radio col-12"
            },
            "confirm_q_18": {
                "parent": "col-12 py-4 customRow",
                "labelClass": "col-12 col-lg-9 col-xl-9 fs14 fwsb",
                "field": "form-control col-12 ml-3 ml-lg-0 col-lg-3 col-xl-3",
                "error": "error-radio col-12"
            },
            "confirm_q_19": {
                "parent": "w-100 mx-3 customRow pt-5",
                "labelClass": "col-12 col-lg-9 col-xl-9 fs14 fwsb",
                "field": "form-control col-12 ml-3 ml-lg-0 col-lg-3 col-xl-3",
                "error": "error-radio col-12"
            },
            "confirm_q_20": {
                "parent": "w-100 mx-3 customRow border-top pt-5",
                "labelClass": "col-12 col-lg-9 col-xl-9 fs14 fwsb",
                "field": "form-control col-12 ml-3 ml-lg-0 col-lg-3 col-xl-3",
                "error": "error-radio col-12"
            },
            "regi_no": {
                "parent": "col-12 col-lg-6 col-xl-9 customRow regino",
                "labelClass": "p-label col-12 col-lg-5 col-xl-5 pl-0 pl-lg-3",
                "field": "col-12 col-lg-6 col-xl-6 form-control"
            },
            "country_of_citizen": {
                "parent": "col-12 col-lg-6 col-xl-9 customRow couciti",
                "labelClass": "p-label col-12 col-lg-5 col-xl-5 pl-0 pl-lg-3",
                "field": "col-12 col-lg-6 col-xl-6 form-control",
                "error": "error-radio col-12"
            },
            "additional_info": {
                "parent":"col-12",
                "labelClass": "fs14 fwsb",
                "field": "invisible"
            }
        },
        "date": {
            "common": {
                "labelClass": "p-label",
                "parent": "col-12 col-lg-6 col-xl-6"
            }
        },
        "select": {
            "common": {
                "parent": "col-12 col-lg-6 col-xl-6"
            }
        },
        "group": {
            "common": {
                "parent": "col-12",
                "heading": "py-4 mt-3",
                "wrapper": "w-100"
            }
        },
        "radio": {
            "common": {
                "parent": "col-12 col-lg-6 col-xl-6",
                "labelClass": "p-label pb-2 mb-2",
                "wrapper": "row radioWrap ml-0",
                "label": "rlt"
            },
            "citizen_type": {
                "parent": "col-12 sbaFormRadio",
                "labelClass": "fs14 pb-3 col-1 count",
                "wrapper": "col-9 radioWrap pl-lg-3 pl-0",
                "label": "form-check-label rlt mb-2",
                "error": "error-radio col-12"
            },

            "have_criminal_charge_check": {
                "parent": "w-100 sbaFormRadio px-0 mx-3 py-4 border-bottom",
                "wrapper": "d-flex col-12 col-md-12 col-lg-3 col-xl-3 radioWrap",
                "labelClass": "count fs14 pb-2 pb-lg-0 col-12 col-md-12 col-lg-9 col-xl-9",
                "error": "error-radio col-12"
            },
            "arrest_last_6month_check": {
                "parent": "w-100 sbaFormRadio px-0 mx-3 py-4 border-bottom",
                "wrapper": "d-flex col-12 col-md-12 col-lg-3 col-xl-3 radioWrap",
                "labelClass": "count fs14 pb-2 pb-lg-0 col-12 col-md-12 col-lg-9 col-xl-9",
                "error": "error-radio col-12"   
            },
            "any_criminal_off_check": {
                "parent": "w-100 sbaFormRadio px-0 mx-3 py-4 border-bottom",
                "wrapper": "d-flex col-12 col-md-12 col-lg-3 col-xl-3 radioWrap",
                "labelClass": "count fs14 pb-2 pb-lg-0 col-12 col-md-12 col-lg-9 col-xl-9",
                "error": "error-radio col-12" 
            }
        },
        "switch": {
            "common": {
                "parent": "col-7 col-lg-7 col-xl-7"
            }
        }
    },
    "sba-form-8": {
        "radio": {
            "common": {
                "parent": "w-100 sbaFormRadio px-0 mx-3 py-4 border-bottom",
                "wrapper": "d-flex col-12 col-md-12 col-lg-3 col-xl-3 pr-md-0 pr-lg-0 radioWrap",
                "labelClass": "count fs14 pb-2 pb-lg-0 col-12 col-md-12 col-lg-9 col-xl-9 pr-lg-0",
                "error": "error-radio col-12"
            },
            "previous_loan_check": {
             "parent": "w-100 sbaFormRadio px-0 mx-3 py-4 border-bottom-0 mb-0 pb-0",
             "wrapper": "d-flex col-12 col-md-12 col-lg-3 col-xl-3 pr-md-0 pr-lg-0 radioWrap",
             "inputParent": "radioWrap",
             "labelClass": "count fs14 pb-2 pb-lg-0 col-12 col-md-12 col-lg-9 col-xl-9 pr-lg-0 pl-lg-5",
             "error": "error-radio col-12"
            },
            "presently_delinquent": {
             "parent": "w-100 sbaFormRadio px-0 mx-3 py-0 border-bottom-0 mb-4 pb-0",
             "wrapper": "d-flex col-12 col-md-12 col-lg-3 col-xl-3 pr-md-0 pr-lg-0 radioWrap",
             "inputParent": "radioWrap",
             "labelClass": "count fs14 pb-2 pb-lg-0 col-12 col-md-12 col-lg-9 col-xl-9 pr-lg-0 pl-lg-5",
             "error": "error-radio col-12"
            },
            "loss_to_govt_check": {
             "parent": "w-100 sbaFormRadio px-0 mx-3 py-0 border-bottom-0 mb-0 pb-0",
             "wrapper": "d-flex col-12 col-md-12 col-lg-3 col-xl-3 pr-md-0 pr-lg-0 radioWrap",
             "inputParent": "radioWrap",
             "labelClass": "count fs14 pb-2 pb-lg-0 col-12 col-md-12 col-lg-9 col-xl-9 pr-lg-0 pl-lg-5",
             "error": "error-radio col-12"
            }
        }
    },
    "sba-form-7": {
        "text": {
            "common": {
                "parent": "col-12 col-lg-6 col-xl-6"
            }
        },
        "group": {
            "common": {
                "parent": "col-12"
            },
            "capacity_completing_section": {
                "parent": "col-12",
                "heading": "fs16 fwb ptc pb-2 ",
                "wrapper": "w-100"
            },
            "entity_owners": {
                "parent": "col-12",
                "heading": "pb-2",
                "wrapper": "gbg p-4 mb-3 mt-2 sbaf7",
                "deleteBtn": "deleteIcon deleteIconOwner"
            }
        },
        "range_percentage": {
            "common": {
                "fieldCol": "row mt40",
                "labelClass": "fs14 fwsb col-lg-8",
                "field": "form-check-input",
                "sliderClass": "col-12 col-lg-9",
                "inputClass": "col-12 col-lg-3 pl-lg-2",
                "parent": {
                    "entity_owned_percentage": "col-12 col-lg-6"
                }
            }
        },
        "switch": {
            "common": {
                "parent": "col-6 col-lg-4 col-xl-3",
                "switchLabelClass": ""
            },
            "other": {
                "parent": "col-6",
                "switchLabelClass": ""
            },
            "401k_plan": {
                "parent": "col-6 col-lg-3 col-xl-3",
                "switchLabelClass": ""
            },
            "esop_plan": {
                "parent": "col-6 col-lg-3 col-xl-3",
                "switchLabelClass": ""
            },
            "capacity_other":{
                "parent": "col-12 col-lg-6 col-xl-6",
                "switchLabelClass": ""
            }
        }
    },
    "sba-form-1": {
        "text": {
            "common": {
                "parent": "col-12 col-lg-6 col-xl-6"
            },
            "biz_phone_no": {
                "parent": "col-12 col-lg-6 col-xl-6 mr-1"
            },
            "job_retained_by_loan": {
                "parent": "col-12 col-lg-6 col-xl-6  "
            },
            "emp_count": {
                "parent": "col-12 col-lg-6 col-xl-6 "
            },
            "job_opening_by_loan": {
                "parent": "col-12 col-lg-6 col-xl-6"
            },
            "atleast_one_check": {
                "parent": "col-12 mb-0",
                "labelClass": "d-none",
                "field": "d-none"
            }
        },
        "radio": {
            "common": {
                "labelClass": "fs16 fwb ptc pb-2",
                "parent": "col-12 col-lg-12 col-xl-12"
            }            
        },
        "amount": {
            "common": {
                "parent": "col-12 col-lg-6 col-xl-6 mr-1"
            },
            "amount_field": {
                "labelClass": "sr-only",
                "parent":"col-12 col-lg-5 col-xl-5"
            }
        },
        "select": {
            "common": {
                "parent": "col-12 col-lg-6 col-xl-6"
            },
            "purpose": {
                "wrapper": "labelSel",
                "parent": "col-12 col-lg-7 col-xl-7 pl-lg-0",
                "field": "borderNone"
            }
        },
        "group": {
            "common": {
                "parent": "inlineGrp pb-4 w-100 bankerPurposeTheLoan",
                "heading": "p-label col-12 pb-2",
                "wrapper": "col-12 col-lg-6 sbaf7"
            },
            "loan_related": {
                "wrapper": "loanBlockRow gbg p-4 mb-3 mt-2 sba1",
                "parent": "col-12"
            },
            "is_applicant": {
                "parent": "col-12",
                "heading": "fs16 fwb ptc pb-2 col-12 p-0"
            }
        },
        "switch": {
            "common": {
                "parent": "col-6 col-lg-4 col-xl-3 mb-0",
                "switchLabelClass": ""
            },
            "same_as_primary_address":{
                "parent": "col-12 col-lg-12 col-xl-12",
                 "switchLabelClass": "col-12 col-lg-12 col-xl-12 p-0"
                           
            }
        }
    },
    "sba-form-2": {
        "amount": {
            "common": {
                "labelClass": "invisibleLabel",
                "parent": "col-12 col-lg-5"
            }
        },
        "select": {
            "common": {
                "labelClass": "p-label",
                "parent": "col-12 col-lg-6"
            }
        },
        "text": {
            "common": {
                "labelClass": "p-label",
                "parent": "col-12 col-lg-6"
            }
        },
        "group": {
            "common": {
                "parent": "col-12"
            },
            "owners": {
                "wrapper": "loanBlockRow gbg p-4 mb-3 mt-2 sbaf7 sba2",
                "parent": "col-12"
            }
        },
        "switch": {
            "common": {
                "parent": "col-6 col-lg-4 col-xl-2",
                "switchLabelClass": ""
            }
        }
    },
    "sba-form-3": {
        "radio": {
            "common": {
                "parent": "sbaFormRadio mx-0 py-4 border-bottom",
                "wrapper": "row col-12 col-md-12 col-lg-3 col-xl-3 pr-md-0 pr-lg-0 ml-0 radioWrap",
                "labelClass": "count fs14 pb-2 pb-lg-0 col-12 col-md-12 col-lg-9 col-xl-9 pr-lg-0",
                "error": "error-radio col-12"
            },
           "financing_delinquent": {
            "parent": "col-12 sbaFormRadio p-0 mx-3 mb-0",
            "wrapper": "row col-12 col-md-3 col-lg-3 col-xl-3 pr-md-0 pr-lg-0 radioWrap",
            "inputParent": "radioWrap",
            "labelClass": "fs14 pb-2 pb-lg-0 col-12 col-md-9 col-lg-9 col-xl-9 pr-lg-0",
            "error": "error-radio col-12"
           }
        },
        "amount": {
            "common": {
                "parent":"w-100 sbaf5",
                "labelClass": "col-12 col-md-9 col-lg-9 col-xl-9 pr-lg-0 fs14 py-2 py-lg-0 pl-lg-4",
                "field": "form-control d-inline col-12 col-md-3 col-lg-3 col-xl-3",
                "error": "error-radio col-12"
            }
        },
        "text": {
            "common": {
                "parent":"col-12 p-0 py-4 border-bottom mx-3",
                "labelClass": "col-12 col-md-6 col-lg-6 col-xl-6 pr-lg-0 fs14 py-2 py-lg-0 pl-lg-4",
                "field": "form-control d-inline col-12 col-md-6 col-lg-6 col-xl-6",
                "error": "error-radio col-12"
            },
            "country_name":{
               "field":"form-control d-inline col-12 col-md-3 col-lg-3 col-xl-3",
               "labelClass":"col-9 col-md-9 col-lg-9 col-xl-9 fs14 forHide pl-lg-4",
               "parent": "w-100",
               "error": "error-radio col-12"
            },
            "additional_info": {
                "parent":"w-100",
                "labelClass": "p-0 fs11 col-12 pl-lg-4",
                "field": "invisible"
            }
        },
        "group": {
            "common": {
                "wrapper": "positionset",
                "parent":"form-group w-100"
            }
        }
    },
    "connect_banker_customer": {
        "textarea": {
            "common": {
                "parent": {
                    "comment":"col-12 col-lg-8 mt-4 mb-0"
                }
            }
        }
    },
    "send-to-sba": {
        "select": {
            "common": {
                "labelClass": "p-label d-none",
                "parent": "col-12"
            }
        }
    },
    "etran-auth": {
        "password": {
            "common": {
                "parent": "eyeIconWithLabel"
            }
        }
    }
}