{
  "npmScope": "credit-bench",
  "affected": {
    "defaultBase": "master"
  },
  "implicitDependencies": {
    "angular.json": "*",
    "package.json": {
      "dependencies": "*",
      "devDependencies": "*"
    },
    "tsconfig.base.json": "*",
    "tslint.json": "*",
    ".eslintrc.json": "*",
    "nx.json": "*"
  },
  "tasksRunnerOptions": {
    "default": {
      "runner": "@nrwl/workspace/tasks-runners/default",
      "options": {
        "cacheableOperations": ["build", "lint", "test", "e2e"]
      }
    }
  },
  "projects": {
    "customer-journey": {
      "tags": []
    },
    "shared": {
      "tags": []
    },
    "shared-lazy": {
      "tags": []
    },
    "ui-kit": {
      "tags": []
    },
    "layout": {
      "tags": []
    },
    "dynamic-form": {
      "tags": []
    },
    "interface-form-field": {
      "tags": []
    },
    "login": {
      "tags": []
    },
    "get-started": {
      "tags": []
    },
    "business-details": {
      "tags": []
    },
    "loan-type": {
      "tags": []
    },
    "owner-details": {
      "tags": []
    },
    "sba-form": {
      "tags": []
    },
    "components-forget-password": {
      "tags": []
    },
    "components-change-password": {
      "tags": []
    },
    "dashboard": {
      "tags": []
    },
    "documents": {
      "tags": []
    },
    "owner-verification": {
      "tags": []
    },
    "otp-modal": {
      "tags": []
    },
    "pfs": {
      "tags": []
    },
    "banker-journey": {
      "tags": []
    },
    "banker-login": {
      "tags": []
    },
    "status-pipeline": {
      "tags": []
    },
    "manage-leads": {
      "tags": []
    },
    "manage-loans": {
      "tags": []
    },
    "application-info": {
      "tags": []
    },
    "components-underwriter": {
      "tags": []
    },
    "components-irs": {
      "tags": []
    },
    "cash-flow-analysis": {
      "tags": []
    },
    "checklist": {
      "tags": []
    },
    "sba-tab": {
      "tags": []
    },
    "sba159": {
      "tags": []
    },
    "caf": {
      "tags": []
    },
    "sba-form601": {
      "tags": []
    },
    "sba-form1050": {
      "tags": []
    },
    "sba-form-landlord": {
      "tags": []
    },
    "evaluations": {
      "tags": []
    },
    "components-collateral-evaluation": {
      "tags": []
    },
    "components-hmda": {
      "tags": []
    },
    "sba1920": {
      "tags": []
    },
    "form1919-table": {
      "tags": []
    },
    "components-terms-and-conditions": {
      "tags": []
    },
    "send-to-sba": {
      "tags": []
    },
    "components-application-pdf": {
      "tags": []
    },
    "components-connect-banker-customer": {
      "tags": []
    }
  }
}
