{
  "signup": {
    "number": {
      "common": {
        "parent": {
          "phone_number": "col-12"
        }
      }
    },
    "text": {
      "common": {
        "parent": {
          "first_name": "col-12",
          "last_name": "col-12",
          "email_address": "col-12"
        }
      }
    }
  },
  "backend-login": {
    "text": {
      "common": {
        "iconClass": "eyeIcon"
      }
    },
    "password": {
      "common": {
        "iconClass": "eye",
        "parent": {
          "iconClass": "eyeIcon"
        },
        "labelParent": "eyeIcon"
      }
    }
  },
  "change-password": {
    "password": {
      "common": {
        "parent": {
          "password": "col-12 ",
          "new_password": "col-12",
          "confirm_password": "col-12"
        }
      }
    }
  },
  "create-user": {
    "text": {
      "common": {
        "parent": {
          "full_name": "col-6",
          "first_name": "col-12 col-md-6",
          "last_name": "col-12 col-md-6",
          "business_name": "col-12 col-md-6",
          "email_address": "col-12 col-md-6"
        }
      }
    },
    "tel_number": {
      "common": {
        "parent": {
          "phone_number": "col-12 col-md-6"
        }
      }
    },
    "select": {
      "common": {
        "parent": {
          "lead_source": "col-12 col-md-6"
        }
      }
    }
  },
  "update-user": {
    "text": {
      "common": {
        "parent": {
          "first_name": "col-12 col-md-6",
          "last_name": "col-12 col-md-6",
          "email_address": "col-12 col-md-6",
          "full_name": "col-6"
        }
      }
    },
    "tel_number": {
      "common": {
        "parent": {
          "phone_number": "col-12 col-md-6"
        }
      }
    }
  },
  "customer-offer": {
    "text": {
      "common": {
        "parent": {
          "loan_amount": "col-12 col-md-6",
          "term": "col-12 col-md-6",
          "interest_rate": "col-12 col-md-6"
        }
      }
    }
  },
  "filter_bar": {
    "text": {
      "common": {
        "parent": {
          "full_name": "col-6",
          "email_address": "col-6"
        }
      }
    }
  },
  "business-info": {
    "text": {
      "common": {
        "parent": {
          "business_pan": "col-12 col-lg-6"
        },
        "field": "form-control fwbd fs14"
      }
    },
    "file": {
      "common": {
        "parent": {
          "business_pan_file": "col-12 col-lg-9"
        }
      }
    },
    "number": {
      "common": {
        "parent": {
          "phone_number": "col-12 col-lg-6",
          "otp": "col-12 col-lg-6"
        }
      },
      "phone_number": {
        "parent": {
          "phone_number": "col-12 col-lg-6"
        }
      },
      "otp": {
        "parent": {
          "otp": "col-12 col-lg-6"
        }
      }
    },
    "button": {
      "common": {
        "parent": {
          "send_otp": "col-12 col-lg-5 ml-auto align-right",
          "verify_otp": "col-12 col-lg-5 ml-auto align-right"
        },
        "field": "btn btn-primary fwm fs12",
        "button-text": "change_number"
      }
    },
    "group": {
      "common": {
        "parent": {
          "user_consent": "wbg brlbn shadowDown p-4 ml-3 col-12 col-lg-9 mt-2"
        },
        "wrapper": "wbg brlbn shadowDown p-4",
        "groupLabel": "fwbr"
      }
    }
  },
  "gst-data": {
    "text": {
      "common": {
        "parent": {
          "gstin": "col-12 col-lg-6",
          "legal_name_business": "col-6",
          "trade_name": "col-6",
          "current_status": "col-6",
          "constitution_of_business": "col-6",
          "authorized_signatories": "col-6",
          "nature_of_business": "col-6",
          "taxpayer_type": "col-6",
          "compliance_rating": "col-6",
          "central_jurisdiction": "col-6",
          "central_jurisdiction_code": "col-6",
          "state_jurisduction": "col-6",
          "state_jurisdiction_code": "col-6",
          "registration_date": "col-6",
          "date_of_cancellation": "col-6",
          "last_update": "col-6",
          "registered_address": "col-12",
          "registered_email": "col-6"
        },
        "field": "form-control fwbd fs14"
      }
    },
    "group": {
      "common": {
        "parent": {}
      }
    }
  },
  "get-gst-profile": {
    "text": {
      "common": {
        "parent": {
          "gstin": "col-12 col-lg-6",
          "legal_name_business": "col-6",
          "trade_name": "col-6",
          "current_status": "col-6",
          "constitution_of_business": "col-6",
          "authorized_signatories": "col-6",
          "nature_of_business": "col-6",
          "taxpayer_type": "col-6",
          "compliance_rating": "col-6",
          "central_jurisdiction": "col-6",
          "central_jurisdiction_code": "col-6",
          "state_jurisduction": "col-6",
          "state_jurisdiction_code": "col-6",
          "registration_date": "col-6",
          "date_of_cancellation": "col-6",
          "last_update": "col-6",
          "registered_address": "col-12",
          "registered_email": "col-6"
        },
        "field": "form-control fwbd fs14"
      }
    },
    "group": {
      "common": {
        "parent": {}
      }
    }
  },
  "owners-details": {
    "select": {
      "common": {
        "parent": {
          "entity_type": "col-6",
          "class_of_activity": "col-6",
          "gender": "col-6",
          "type_of_address": "col-6",
          "business_constitution": "col-6",
          "relationship": "col-6",
          "city": "col-6",
          "state": "col-6"
        }
      }
    },
    "text": {
      "common": {
        "parent": {
          "busines_name": "col-6",
          "individual_name": "col-6",
          "business_constitution": "col-6",
          "pan_number": "col-6",
          "type_of_identifier": "col-6",
          "pincode": "col-6",
          "address_line_1": "col-6",
          "address_line_2": "col-6",
          "address_line_3": "col-6"
        }
      }
    },
    "number": {
      "common": {
        "parent": {
          "pincode": "col-6"
        }
      }
    },
    "date": {
      "common": {
        "parent": {
          "date_of_birth": "col-6"
        }
      }
    },
    "checkbox": {
      "common": {
        "parent": {
          "credit_bureau": "col-6",
          "co_applicant": "col-6",
          "gaurantor": "col-6"
        }
      }
    },
    "radio": {
      "common": {
        "parent": {
          "coapplicant_type": "col-12"
        }
      }
    },
    "button": {
      "common": {
        "parent": {
          "add_co_applicant": "col-12 col-lg-5 ml-3",
          "button": "col-12 col-lg-5 ml-auto"
        }
      }
    }
  },
  "add-co-applicant": {
    "select": {
      "common": {
        "parent": {
          "entity_type": "col-12 col-md-6",
          "type_of_address": "col-12 col-md-6",
          "relationship": "col-12 col-md-6"
        }
      }
    },
    "checkbox": {
      "common": {
        "parent": {
          "credit_bureau": "col-12 fs14"
        }
      }
    },
    "radio": {
      "common": {
        "parent": {
          "coapplicant_type": "col-12"
        }
      }
    },
    "group": {
      "common": {
        "wrapper": "col-12 mb-3"
      }
    },
    "text": {
      "common": {
        "parent": {
          "busines_name": "col-12 col-md-6",
          "business_constitution": "col-12 col-md-6",
          "pan_number": "col-12 col-md-6",
          "address_line_1": "col-12"
        }
      }
    }
  },
  "offer-details": {
    "select": {
      "common": {
        "parent": {
          "product": "col-12 col-lg-4"
        },
        "labelClass": "sr-only"
      }
    },
    "text": {
      "common": {
        "parent": {
          "sanctioned_loan_amount": "col-12 col-lg-4"
        }
      }
    },
    "textarea": {
      "common": {
        "parent": {
          "comments": "col-12"
        }
      }
    },
    "number": {
      "common": {
        "parent": {
          "term": "col-12 col-lg-4"
        }
      }
    }
  }
}
